dataset,model,method,stability_type,top_k,seed_pairs,spearman_mean,spearman_min,jaccard_mean,jaccard_min,kuncheva_mean,kuncheva_min
Covertype,LR,mutual_information,complete_harmfulness_ranking,1,45,0.8913546365118691,0.8360205831903944,0.3555555555555555,0.0,0.3433962264150943,-0.0188679245283018
Covertype,LR,mutual_information,complete_harmfulness_ranking,3,45,0.8913546365118691,0.8360205831903944,0.2288888888888889,0.0,0.2941176470588235,-0.0588235294117647
Covertype,LR,mutual_information,complete_harmfulness_ranking,5,45,0.8913546365118691,0.8360205831903944,0.1984126984126984,0.0,0.2408163265306122,-0.1020408163265306
Covertype,LR,rfe,complete_harmfulness_ranking,1,45,0.9707108824089956,0.9383266628549646,1.0,1.0,1.0,1.0
Covertype,LR,rfe,complete_harmfulness_ranking,3,45,0.9707108824089956,0.9383266628549646,0.8111111111111111,0.5,0.8666666666666667,0.6470588235294118
Covertype,LR,rfe,complete_harmfulness_ranking,5,45,0.9707108824089956,0.9383266628549646,0.8,0.6666666666666666,0.8677551020408163,0.7795918367346939
Covertype,LR,crfe,complete_harmfulness_ranking,1,45,0.7971192003896406,0.6030493615399276,0.6222222222222222,0.0,0.6150943396226415,-0.0188679245283018
Covertype,LR,crfe,complete_harmfulness_ranking,3,45,0.7971192003896406,0.6030493615399276,0.9,0.5,0.9294117647058824,0.6470588235294118
Covertype,LR,crfe,complete_harmfulness_ranking,5,45,0.7971192003896406,0.6030493615399276,0.6169312169312169,0.4285714285714285,0.7257142857142858,0.5591836734693878
Covertype,LR,permutation_importance,complete_harmfulness_ranking,1,45,0.8676797323338203,0.7863159900895749,0.0888888888888888,0.0,0.0716981132075471,-0.0188679245283018
Covertype,LR,permutation_importance,complete_harmfulness_ranking,3,45,0.8676797323338203,0.7863159900895749,0.1466666666666666,0.0,0.1843137254901961,-0.0588235294117647
Covertype,LR,permutation_importance,complete_harmfulness_ranking,5,45,0.8676797323338203,0.7863159900895749,0.168342151675485,0.0,0.196734693877551,-0.1020408163265306
Covertype,LR,shap,complete_harmfulness_ranking,1,45,0.7316900662812611,0.5858967028778349,0.4888888888888889,0.0,0.4792452830188679,-0.0188679245283018
Covertype,LR,shap,complete_harmfulness_ranking,3,45,0.7316900662812611,0.5858967028778349,0.5088888888888888,0.2,0.6313725490196079,0.2941176470588235
Covertype,LR,shap,complete_harmfulness_ranking,5,45,0.7316900662812611,0.5858967028778349,0.6283068783068783,0.25,0.7306122448979592,0.3387755102040816
Covertype,Small NN,mutual_information,complete_harmfulness_ranking,1,45,0.8913546365118691,0.8360205831903944,0.3555555555555555,0.0,0.3433962264150943,-0.0188679245283018
Covertype,Small NN,mutual_information,complete_harmfulness_ranking,3,45,0.8913546365118691,0.8360205831903944,0.2288888888888889,0.0,0.2941176470588235,-0.0588235294117647
Covertype,Small NN,mutual_information,complete_harmfulness_ranking,5,45,0.8913546365118691,0.8360205831903944,0.1984126984126984,0.0,0.2408163265306122,-0.1020408163265306
Covertype,Small NN,rfe,complete_harmfulness_ranking,1,45,0.9707108824089956,0.9383266628549646,1.0,1.0,1.0,1.0
Covertype,Small NN,rfe,complete_harmfulness_ranking,3,45,0.9707108824089956,0.9383266628549646,0.8111111111111111,0.5,0.8666666666666667,0.6470588235294118
Covertype,Small NN,rfe,complete_harmfulness_ranking,5,45,0.9707108824089956,0.9383266628549646,0.8,0.6666666666666666,0.8677551020408163,0.7795918367346939
Covertype,Small NN,crfe,complete_harmfulness_ranking,1,45,0.7971192003896406,0.6030493615399276,0.6222222222222222,0.0,0.6150943396226415,-0.0188679245283018
Covertype,Small NN,crfe,complete_harmfulness_ranking,3,45,0.7971192003896406,0.6030493615399276,0.9,0.5,0.9294117647058824,0.6470588235294118
Covertype,Small NN,crfe,complete_harmfulness_ranking,5,45,0.7971192003896406,0.6030493615399276,0.6169312169312169,0.4285714285714285,0.7257142857142858,0.5591836734693878
Covertype,Small NN,permutation_importance,complete_harmfulness_ranking,1,45,0.9705584143319992,0.9490756622832092,0.4666666666666667,0.0,0.4566037735849057,-0.0188679245283018
Covertype,Small NN,permutation_importance,complete_harmfulness_ranking,3,45,0.9705584143319992,0.9490756622832092,0.4711111111111111,0.2,0.592156862745098,0.2941176470588235
Covertype,Small NN,permutation_importance,complete_harmfulness_ranking,5,45,0.9705584143319992,0.9490756622832092,0.6002645502645502,0.25,0.7110204081632653,0.3387755102040816
Covertype,Small NN,shap,complete_harmfulness_ranking,1,45,0.755951125510874,0.6462740613684009,0.4888888888888889,0.0,0.4792452830188679,-0.0188679245283018
Covertype,Small NN,shap,complete_harmfulness_ranking,3,45,0.755951125510874,0.6462740613684009,0.5088888888888888,0.2,0.6313725490196079,0.2941176470588235
Covertype,Small NN,shap,complete_harmfulness_ranking,5,45,0.755951125510874,0.6462740613684009,0.6283068783068783,0.25,0.7306122448979592,0.3387755102040816
Dry Bean,LR,mutual_information,complete_harmfulness_ranking,1,190,0.988529411764706,0.9647058823529412,1.0,1.0,1.0,1.0
Dry Bean,LR,mutual_information,complete_harmfulness_ranking,3,190,0.988529411764706,0.9647058823529412,1.0,1.0,1.0,1.0
Dry Bean,LR,mutual_information,complete_harmfulness_ranking,5,190,0.988529411764706,0.9647058823529412,0.8298245614035087,0.6666666666666666,0.8514832535885167,0.7090909090909091
Dry Bean,LR,rfe,complete_harmfulness_ranking,1,190,0.788297213622291,0.3470588235294117,1.0,1.0,1.0,1.0
Dry Bean,LR,rfe,complete_harmfulness_ranking,3,190,0.788297213622291,0.3470588235294117,0.95,0.5,0.958974358974359,0.5897435897435898
Dry Bean,LR,rfe,complete_harmfulness_ranking,5,190,0.788297213622291,0.3470588235294117,0.680952380952381,0.4285714285714285,0.7044976076555023,0.4181818181818181
Dry Bean,LR,crfe,complete_harmfulness_ranking,1,190,0.3160061919504643,-0.3764705882352941,0.3631578947368421,0.0,0.3207017543859649,-0.0666666666666666
Dry Bean,LR,crfe,complete_harmfulness_ranking,3,190,0.3160061919504643,-0.3764705882352941,0.3263157894736842,0.0,0.2960863697705803,-0.2307692307692307
Dry Bean,LR,crfe,complete_harmfulness_ranking,5,190,0.3160061919504643,-0.3764705882352941,0.4474310776942355,0.1111111111111111,0.3982775119617225,-0.1636363636363636
Dry Bean,LR,permutation_importance,complete_harmfulness_ranking,1,190,0.9322755417956656,0.8441176470588234,1.0,1.0,1.0,1.0
Dry Bean,LR,permutation_importance,complete_harmfulness_ranking,3,190,0.9322755417956656,0.8441176470588234,0.6921052631578948,0.5,0.7473684210526316,0.5897435897435898
Dry Bean,LR,permutation_importance,complete_harmfulness_ranking,5,190,0.9322755417956656,0.8441176470588234,0.7368421052631579,0.6666666666666666,0.7703349282296651,0.7090909090909091
Dry Bean,LR,shap,complete_harmfulness_ranking,1,190,0.7760835913312694,0.4205882352941176,1.0,1.0,1.0,1.0
Dry Bean,LR,shap,complete_harmfulness_ranking,3,190,0.7760835913312694,0.4205882352941176,0.4926315789473683,0.2,0.5379217273954116,0.1794871794871795
Dry Bean,LR,shap,complete_harmfulness_ranking,5,190,0.7760835913312694,0.4205882352941176,0.5426900584795321,0.1111111111111111,0.5483253588516747,-0.1636363636363636
Dry Bean,Small NN,mutual_information,complete_harmfulness_ranking,1,190,0.988529411764706,0.9647058823529412,1.0,1.0,1.0,1.0
Dry Bean,Small NN,mutual_information,complete_harmfulness_ranking,3,190,0.988529411764706,0.9647058823529412,1.0,1.0,1.0,1.0
Dry Bean,Small NN,mutual_information,complete_harmfulness_ranking,5,190,0.988529411764706,0.9647058823529412,0.8298245614035087,0.6666666666666666,0.8514832535885167,0.7090909090909091
Dry Bean,Small NN,rfe,complete_harmfulness_ranking,1,190,0.788297213622291,0.3470588235294117,1.0,1.0,1.0,1.0
Dry Bean,Small NN,rfe,complete_harmfulness_ranking,3,190,0.788297213622291,0.3470588235294117,0.95,0.5,0.958974358974359,0.5897435897435898
Dry Bean,Small NN,rfe,complete_harmfulness_ranking,5,190,0.788297213622291,0.3470588235294117,0.680952380952381,0.4285714285714285,0.7044976076555023,0.4181818181818181
Dry Bean,Small NN,crfe,complete_harmfulness_ranking,1,190,0.3160061919504643,-0.3764705882352941,0.3631578947368421,0.0,0.3207017543859649,-0.0666666666666666
Dry Bean,Small NN,crfe,complete_harmfulness_ranking,3,190,0.3160061919504643,-0.3764705882352941,0.3263157894736842,0.0,0.2960863697705803,-0.2307692307692307
Dry Bean,Small NN,crfe,complete_harmfulness_ranking,5,190,0.3160061919504643,-0.3764705882352941,0.4474310776942355,0.1111111111111111,0.3982775119617225,-0.1636363636363636
Dry Bean,Small NN,permutation_importance,complete_harmfulness_ranking,1,190,0.7284520123839009,0.3705882352941176,0.9,0.0,0.8933333333333333,-0.0666666666666666
Dry Bean,Small NN,permutation_importance,complete_harmfulness_ranking,3,190,0.7284520123839009,0.3705882352941176,0.4489473684210526,0.2,0.4882591093117409,0.1794871794871795
Dry Bean,Small NN,permutation_importance,complete_harmfulness_ranking,5,190,0.7284520123839009,0.3705882352941176,0.4623015873015872,0.1111111111111111,0.4426794258373205,-0.1636363636363636
Dry Bean,Small NN,shap,complete_harmfulness_ranking,1,190,0.6021671826625387,0.1147058823529411,0.9,0.0,0.8933333333333333,-0.0666666666666666
Dry Bean,Small NN,shap,complete_harmfulness_ranking,3,190,0.6021671826625387,0.1147058823529411,0.4205263157894737,0.2,0.4666666666666667,0.1794871794871795
Dry Bean,Small NN,shap,complete_harmfulness_ranking,5,190,0.6021671826625387,0.1147058823529411,0.4044903926482873,0.1111111111111111,0.3569377990430621,-0.1636363636363636
HAR,LR,mutual_information,complete_harmfulness_ranking,1,190,0.9842387180484752,0.9659466763088282,0.1421052631578947,0.0,0.1405733082706766,-0.0017857142857142
HAR,LR,mutual_information,complete_harmfulness_ranking,3,190,0.9842387180484752,0.9659466763088282,0.2594736842105263,0.0,0.3685531031880777,-0.0053763440860215
HAR,LR,mutual_information,complete_harmfulness_ranking,5,190,0.9842387180484752,0.9659466763088282,0.33343776106934,0.0,0.4657648617947747,-0.0089928057553956
HAR,LR,rfe,complete_harmfulness_ranking,1,190,0.6873464067470711,0.589224000826471,0.0421052631578947,0.0,0.0403947368421052,-0.0017857142857142
HAR,LR,rfe,complete_harmfulness_ranking,3,190,0.6873464067470711,0.589224000826471,0.0505263157894736,0.0,0.0739954725523486,-0.0053763440860215
HAR,LR,rfe,complete_harmfulness_ranking,5,190,0.6873464067470711,0.589224000826471,0.0595446950710108,0.0,0.0919064748201439,-0.0089928057553956
HAR,LR,crfe,complete_harmfulness_ranking,1,190,0.5947120200734007,0.4199317481764624,0.131578947368421,0.0,0.1300281954887218,-0.0017857142857142
HAR,LR,crfe,complete_harmfulness_ranking,3,190,0.5947120200734007,0.4199317481764624,0.1205263157894736,0.0,0.1745331069609507,-0.0053763440860215
HAR,LR,crfe,complete_harmfulness_ranking,5,190,0.5947120200734007,0.4199317481764624,0.1326441102756892,0.0,0.2044888299886406,-0.0089928057553956
HAR,LR,permutation_importance,complete_harmfulness_ranking,1,190,0.0795907924033922,-0.4345273890856892,0.0105263157894736,0.0,0.0087593984962406,-0.0017857142857142
HAR,LR,permutation_importance,complete_harmfulness_ranking,3,190,0.0795907924033922,-0.4345273890856892,0.0094736842105263,0.0,0.0104980192416525,-0.0053763440860215
HAR,LR,permutation_importance,complete_harmfulness_ranking,5,190,0.0795907924033922,-0.4345273890856892,0.014766081871345,0.0,0.0175596365013252,-0.0089928057553956
HAR,LR,shap,complete_harmfulness_ranking,1,190,0.6387866233179577,0.4800173450162984,0.0526315789473684,0.0,0.0509398496240601,-0.0017857142857142
HAR,LR,shap,complete_harmfulness_ranking,3,190,0.6387866233179577,0.4800173450162984,0.0489473684210526,0.0,0.0739954725523486,-0.0053763440860215
HAR,LR,shap,complete_harmfulness_ranking,5,190,0.6387866233179577,0.4800173450162984,0.0510860484544695,0.0,0.0802234002271866,-0.0089928057553956
HAR,Small NN,mutual_information,complete_harmfulness_ranking,1,190,0.9842387180484752,0.9659466763088282,0.1421052631578947,0.0,0.1405733082706766,-0.0017857142857142
HAR,Small NN,mutual_information,complete_harmfulness_ranking,3,190,0.9842387180484752,0.9659466763088282,0.2594736842105263,0.0,0.3685531031880777,-0.0053763440860215
HAR,Small NN,mutual_information,complete_harmfulness_ranking,5,190,0.9842387180484752,0.9659466763088282,0.33343776106934,0.0,0.4657648617947747,-0.0089928057553956
HAR,Small NN,rfe,complete_harmfulness_ranking,1,190,0.6873464067470711,0.589224000826471,0.0421052631578947,0.0,0.0403947368421052,-0.0017857142857142
HAR,Small NN,rfe,complete_harmfulness_ranking,3,190,0.6873464067470711,0.589224000826471,0.0505263157894736,0.0,0.0739954725523486,-0.0053763440860215
HAR,Small NN,rfe,complete_harmfulness_ranking,5,190,0.6873464067470711,0.589224000826471,0.0595446950710108,0.0,0.0919064748201439,-0.0089928057553956
HAR,Small NN,crfe,complete_harmfulness_ranking,1,190,0.5947120200734007,0.4199317481764624,0.131578947368421,0.0,0.1300281954887218,-0.0017857142857142
HAR,Small NN,crfe,complete_harmfulness_ranking,3,190,0.5947120200734007,0.4199317481764624,0.1205263157894736,0.0,0.1745331069609507,-0.0053763440860215
HAR,Small NN,crfe,complete_harmfulness_ranking,5,190,0.5947120200734007,0.4199317481764624,0.1326441102756892,0.0,0.2044888299886406,-0.0089928057553956
HAR,Small NN,permutation_importance,complete_harmfulness_ranking,1,190,0.0671660243725953,-0.2442900097599699,0.0052631578947368,0.0,0.0034868421052631,-0.0017857142857142
HAR,Small NN,permutation_importance,complete_harmfulness_ranking,3,190,0.0671660243725953,-0.2442900097599699,0.0031578947368421,0.0,-8.488964346349763e-05,-0.0053763440860215
HAR,Small NN,permutation_importance,complete_harmfulness_ranking,5,190,0.0671660243725953,-0.2442900097599699,0.0076023391812865,0.0,0.0048144642180992,-0.0089928057553956
HAR,Small NN,shap,complete_harmfulness_ranking,1,190,0.4015714492475122,0.2688257315219844,0.0526315789473684,0.0,0.0509398496240601,-0.0017857142857142
HAR,Small NN,shap,complete_harmfulness_ranking,3,190,0.4015714492475122,0.2688257315219844,0.0410526315789473,0.0,0.0616487455197132,-0.0053763440860215
HAR,Small NN,shap,complete_harmfulness_ranking,5,190,0.4015714492475122,0.2688257315219844,0.0464912280701754,0.0,0.0727887163953048,-0.0089928057553956
Covertype,LR,One-shot,progressive_removal_path,1,45,,,0.3555555555555555,0.0,0.3433962264150943,-0.0188679245283018
Covertype,LR,One-shot,progressive_removal_path,3,45,,,0.1933333333333333,0.0,0.2470588235294117,-0.0588235294117647
Covertype,LR,One-shot,progressive_removal_path,5,45,,,0.1314814814814814,0.0,0.1379591836734694,-0.1020408163265306
Covertype,LR,Recursive,progressive_removal_path,1,45,,,0.3555555555555555,0.0,0.3433962264150943,-0.0188679245283018
Covertype,LR,Recursive,progressive_removal_path,3,45,,,0.2222222222222222,0.0,0.2862745098039215,-0.0588235294117647
Covertype,LR,Recursive,progressive_removal_path,5,45,,,0.2464726631393297,0.1111111111111111,0.3093877551020408,0.1183673469387755
Covertype,Small NN,One-shot,progressive_removal_path,1,45,,,0.0,0.0,-0.0188679245283018,-0.0188679245283018
Covertype,Small NN,One-shot,progressive_removal_path,3,45,,,0.0266666666666666,0.0,-0.0117647058823529,-0.0588235294117647
Covertype,Small NN,One-shot,progressive_removal_path,5,45,,,0.0382716049382716,0.0,-0.0285714285714285,-0.1020408163265306
Covertype,Small NN,Recursive,progressive_removal_path,1,45,,,0.0,0.0,-0.0188679245283018,-0.0188679245283018
Covertype,Small NN,Recursive,progressive_removal_path,3,45,,,0.0555555555555555,0.0,0.0352941176470588,-0.0588235294117647
Covertype,Small NN,Recursive,progressive_removal_path,5,45,,,0.0712522045855379,0.0,0.030204081632653,-0.1020408163265306
Dry Bean,LR,One-shot,progressive_removal_path,1,190,,,0.0789473684210526,0.0,0.0175438596491228,-0.0666666666666666
Dry Bean,LR,One-shot,progressive_removal_path,3,190,,,0.1489473684210526,0.0,0.0520917678812415,-0.2307692307692307
Dry Bean,LR,One-shot,progressive_removal_path,5,190,,,0.2883458646616541,0.0,0.1624880382775119,-0.4545454545454545
Dry Bean,LR,Recursive,progressive_removal_path,1,190,,,0.0789473684210526,0.0,0.0175438596491228,-0.0666666666666666
Dry Bean,LR,Recursive,progressive_removal_path,3,190,,,0.1531578947368421,0.0,0.0585695006747638,-0.2307692307692307
Dry Bean,LR,Recursive,progressive_removal_path,5,190,,,0.2483082706766917,0.0,0.099712918660287,-0.4545454545454545
Dry Bean,Small NN,One-shot,progressive_removal_path,1,190,,,0.0473684210526315,0.0,-0.0161403508771929,-0.0666666666666666
Dry Bean,Small NN,One-shot,progressive_removal_path,3,190,,,0.161578947368421,0.0,0.0628879892037786,-0.2307692307692307
Dry Bean,Small NN,One-shot,progressive_removal_path,5,190,,,0.2280284043441938,0.0,0.0583732057416267,-0.4545454545454545
Dry Bean,Small NN,Recursive,progressive_removal_path,1,190,,,0.0473684210526315,0.0,-0.0161403508771929,-0.0666666666666666
Dry Bean,Small NN,Recursive,progressive_removal_path,3,190,,,0.1326315789473684,0.0,0.0218623481781376,-0.2307692307692307
Dry Bean,Small NN,Recursive,progressive_removal_path,5,190,,,0.2277986633249791,0.0,0.0614354066985645,-0.4545454545454545
HAR,LR,One-shot,progressive_removal_path,1,190,,,0.0894736842105263,0.0,0.0878477443609022,-0.0017857142857142
HAR,LR,One-shot,progressive_removal_path,3,190,,,0.0684210526315789,0.0,0.107508017355216,-0.0053763440860215
HAR,LR,One-shot,progressive_removal_path,5,190,,,0.0478696741854636,0.0,0.0759750094661113,-0.0089928057553956
HAR,LR,Recursive,progressive_removal_path,1,190,,,0.0894736842105263,0.0,0.0878477443609022,-0.0017857142857142
HAR,LR,Recursive,progressive_removal_path,3,190,,,0.0673684210526315,0.0,0.1039803810601773,-0.0053763440860215
HAR,LR,Recursive,progressive_removal_path,5,190,,,0.0497702589807852,0.0,0.0780992048466489,-0.0089928057553956
HAR,Small NN,One-shot,progressive_removal_path,1,190,,,0.0,0.0,-0.0017857142857142,-0.0017857142857142
HAR,Small NN,One-shot,progressive_removal_path,3,190,,,0.0042105263157894,0.0,0.0016789285040558,-0.0053763440860215
HAR,Small NN,One-shot,progressive_removal_path,5,190,,,0.0046783625730994,0.0,-0.0004960242332449,-0.0089928057553956
HAR,Small NN,Recursive,progressive_removal_path,1,190,,,0.0,0.0,-0.0017857142857142,-0.0017857142857142
HAR,Small NN,Recursive,progressive_removal_path,3,190,,,0.0031578947368421,0.0,-8.488964346349778e-05,-0.0053763440860215
HAR,Small NN,Recursive,progressive_removal_path,5,190,,,0.0046783625730994,0.0,-0.0004960242332449,-0.0089928057553956
