dataset,model,method,scaling,n,feature_size_gain,feature_ci_lo,feature_ci_hi,coverage_delta,cov_ci_lo,cov_ci_hi,scaling_size_gain_all,scaling_ci_lo,scaling_ci_hi,combined_size_gain_vs_base_all,comb_ci_lo,comb_ci_hi,interaction,int_ci_lo,int_ci_hi,temp_mean,temp_min,temp_max,frac_T_lt1,frac_T_gt1,mean_size,coverage
Covertype,LR,One-shot,base,10,0.0003769259366351,-0.0014426956578717,0.002196547531142,2.6849518774008096e-05,-0.0002388698642965,0.0002925689018446,0.0,0.0,0.0,0.0003769259366351,-0.0014426956578717,0.002196547531142,0.0,0.0,0.0,1.0,1.0,1.0,0.0,0.0,1.6368385724317402,0.8995941591969929
Covertype,LR,One-shot,ts,10,0.0003769259366351,-0.0014426956578717,0.002196547531142,2.6849518774008096e-05,-0.0002388698642965,0.0002925689018446,0.0,0.0,0.0,0.0003769259366351,-0.0014426956578717,0.002196547531142,0.0,0.0,0.0,1.0,1.0,1.0,0.0,0.0,1.6368385724317402,0.8995941591969929
Covertype,LR,One-shot,confts,10,0.0003769259366351,-0.0014426956578717,0.002196547531142,2.6849518774008096e-05,-0.0002388698642965,0.0002925689018446,0.0,0.0,0.0,0.0003769259366351,-0.0014426956578717,0.002196547531142,0.0,0.0,0.0,1.0,1.0,1.0,0.0,0.0,1.6368385724317402,0.8995941591969929
Covertype,LR,Recursive,base,10,0.0012691560989714,-0.0005784688686793,0.0031167810666222,-2.065347598003697e-05,-0.0002747738474711,0.000233466895511,0.0,0.0,0.0,0.0012691560989714,-0.0005784688686793,0.0031167810666222,0.0,0.0,0.0,1.0,1.0,1.0,0.0,0.0,1.635946342269404,0.8995466562022388
Covertype,LR,Recursive,ts,10,0.0012691560989714,-0.0005784688686793,0.0031167810666222,-2.065347598003697e-05,-0.0002747738474711,0.000233466895511,0.0,0.0,0.0,0.0012691560989714,-0.0005784688686793,0.0031167810666222,0.0,0.0,0.0,1.0,1.0,1.0,0.0,0.0,1.635946342269404,0.8995466562022388
Covertype,LR,Recursive,confts,10,0.0012691560989714,-0.0005784688686793,0.0031167810666222,-2.065347598003697e-05,-0.0002747738474711,0.000233466895511,0.0,0.0,0.0,0.0012691560989714,-0.0005784688686793,0.0031167810666222,0.0,0.0,0.0,1.0,1.0,1.0,0.0,0.0,1.635946342269404,0.8995466562022388
Covertype,Small NN,One-shot,base,10,0.005704490065678,-0.0041830634956639,0.01559204362702,0.000276756578132,-0.0004223475993091,0.0009758607555732,0.0,0.0,0.0,0.005704490065678,-0.0041830634956639,0.01559204362702,0.0,0.0,0.0,1.0,1.0,1.0,0.0,0.0,1.2300518402247098,0.900378991284233
Covertype,Small NN,One-shot,ts,10,0.00561981081416,-0.0038435850974675,0.0150832067257875,0.000306704118303,-0.000385244780652,0.0009986530172581,-0.0009696806972613,-0.0031632508321983,0.0012238894376756,0.0046501301168986,-0.0053096967530757,0.014609956986873,-8.467925151800504e-05,-0.003499827799978,0.003330469296942,1.01,1.0,1.1,0.0,0.1,1.2311062001734894,0.9004099714982031
Covertype,Small NN,One-shot,confts,10,0.0046800776570696,-0.0066980044853118,0.0160581597994511,0.000272625882936,-0.0004248666609365,0.0009701184268085,0.0,0.0,0.0,0.0046800776570696,-0.0066980044853118,0.0160581597994511,-0.0010244124086083,-0.0033417942764011,0.0012929694591844,1.01,1.0,1.1,0.0,0.1,1.231076252633318,0.900374860589037
Covertype,Small NN,Recursive,base,10,0.0042721715064645,-0.0060367779064231,0.0145811209193522,0.000209632781197,-0.0004705525022038,0.0008898180645979,0.0,0.0,0.0,0.0042721715064645,-0.0060367779064231,0.0145811209193522,0.0,0.0,0.0,1.0,1.0,1.0,0.0,0.0,1.2314841587839234,0.9003118674872981
Covertype,Small NN,Recursive,ts,10,0.0043083150894295,-0.0059790586858668,0.0145956888647259,0.0001683258292369,-0.00049572887146,0.000832380529934,-0.0009696806972613,-0.0031632508321983,0.0012238894376756,0.0033386343921681,-0.0077241186980197,0.014401387482356,3.614358296499809e-05,-4.561888212846352e-05,0.0001179060480584,1.01,1.0,1.1,0.0,0.1,1.2324176958982196,0.9002715932091372
Covertype,Small NN,Recursive,confts,10,0.0042721715064645,-0.0060367779064231,0.0145811209193522,0.000209632781197,-0.0004705525022038,0.0008898180645979,0.0,0.0,0.0,0.0042721715064645,-0.0060367779064231,0.0145811209193522,0.0,0.0,0.0,1.0,1.0,1.0,0.0,0.0,1.2314841587839234,0.9003118674872981
Dry Bean,LR,One-shot,base,20,-0.0009916262670779,-0.0024545445875512,0.0004712920533952,-4.407227853681084e-05,-0.0011019757719602,0.0010138312148866,0.0,0.0,0.0,-0.0009916262670779,-0.0024545445875512,0.0004712920533952,0.0,0.0,0.0,1.0,1.0,1.0,0.0,0.0,1.0956588805641252,0.9013882767739092
Dry Bean,LR,One-shot,ts,20,0.0001542529748788,-0.0023238833996174,0.0026323893493751,-4.407227853680529e-05,-0.0012183417428894,0.0011301971858158,-0.0013882767739091,-0.003390632120884,0.0006140785730656,-0.0012340237990303,-0.002762405096152,0.0002943574980913,0.0011458792419567,-0.0008487730398548,0.0031405315237683,1.005,1.0,1.1,0.0,0.05,1.0959012780960775,0.9012340237990303
Dry Bean,LR,One-shot,confts,20,-0.0009916262670779,-0.0024545445875512,0.0004712920533952,-4.407227853681084e-05,-0.0011019757719602,0.0010138312148866,0.0,0.0,0.0,-0.0009916262670779,-0.0024545445875512,0.0004712920533952,0.0,0.0,0.0,1.0,1.0,1.0,0.0,0.0,1.0956588805641252,0.9013882767739092
Dry Bean,LR,Recursive,base,20,-0.0014323490524459,-0.0028564871243795,-8.210980512412397e-06,6.61084178051885e-05,-0.001058235386978,0.0011904522225884,0.0,0.0,0.0,-0.0014323490524459,-0.0028564871243795,-8.210980512412397e-06,0.0,0.0,0.0,1.0,1.0,1.0,0.0,0.0,1.0960996033494932,0.9014984574702511
Dry Bean,LR,Recursive,ts,20,-0.0002864698104892,-0.0030198292402412,0.0024468896192628,6.610841780519406e-05,-0.0011863620491705,0.0013185788847808,-0.0013882767739091,-0.003390632120884,0.0006140785730656,-0.0016747465843984,-0.0031494417693738,-0.0002000513994229,0.0011458792419567,-0.0008487730398548,0.0031405315237683,1.005,1.0,1.1,0.0,0.05,1.0963420008814455,0.9013442044953723
Dry Bean,LR,Recursive,confts,20,-0.0014323490524459,-0.0028564871243795,-8.210980512412397e-06,6.61084178051885e-05,-0.001058235386978,0.0011904522225884,0.0,0.0,0.0,-0.0014323490524459,-0.0028564871243795,-8.210980512412397e-06,0.0,0.0,0.0,1.0,1.0,1.0,0.0,0.0,1.0960996033494932,0.9014984574702511
Dry Bean,Small NN,One-shot,base,20,0.0169678272366681,0.0079142933602985,0.0260213611130378,0.0002864698104891,-0.0014383227776448,0.0020112623986232,0.0,0.0,0.0,0.0169678272366681,0.0079142933602985,0.0260213611130378,0.0,0.0,0.0,1.0,1.0,1.0,0.0,0.0,1.0635301895107978,0.8993609519612165
Dry Bean,Small NN,One-shot,ts,20,0.0142133098281181,0.0043604736967492,0.024066145959487,0.0006170118995151,-0.0011741742063797,0.0024081980054101,-0.0030189510797708,-0.0052578336995146,-0.000780068460027,0.0111943587483473,0.0006334579116624,0.0217552595850321,-0.00275451740855,-0.0053219460846247,-0.0001870887324753,1.06,1.0,1.1,0.0,0.6,1.0693036579991184,0.899559277214632
Dry Bean,Small NN,One-shot,confts,20,0.0169678272366681,0.0079142933602985,0.0260213611130378,0.0002864698104891,-0.0014383227776448,0.0020112623986232,0.0,0.0,0.0,0.0169678272366681,0.0079142933602985,0.0260213611130378,0.0,0.0,0.0,1.0,1.0,1.0,0.0,0.0,1.0635301895107978,0.8993609519612165
Dry Bean,Small NN,Recursive,base,20,0.0177611282503305,0.0087772135291997,0.0267450429714614,-0.0003305420890259,-0.0021909901621614,0.0015299059841094,0.0,0.0,0.0,0.0177611282503305,0.0087772135291997,0.0267450429714614,0.0,0.0,0.0,1.0,1.0,1.0,0.0,0.0,1.062736888497135,0.8987439400617012
Dry Bean,Small NN,Recursive,ts,20,0.0142353459673864,0.0047563586519668,0.0237143332828059,6.61084178051996e-05,-0.0017839598322505,0.0019161766678609,-0.0030189510797708,-0.0052578336995146,-0.000780068460027,0.0112163948876156,0.0010187831440977,0.0214140066311334,-0.0035257822829441,-0.0061408470034306,-0.0009107175624576,1.0650000000000002,1.0,1.2,0.0,0.6,1.0692816218598502,0.899008373732922
Dry Bean,Small NN,Recursive,confts,20,0.0177611282503305,0.0087772135291997,0.0267450429714614,-0.0003305420890259,-0.0021909901621614,0.0015299059841094,0.0,0.0,0.0,0.0177611282503305,0.0087772135291997,0.0267450429714614,0.0,0.0,0.0,1.0,1.0,1.0,0.0,0.0,1.062736888497135,0.8987439400617012
HAR,LR,One-shot,base,20,0.0008237540088639,-0.0019972418635364,0.0036447498812643,0.0008994532426542,-0.0010017621266379,0.0028006686119464,0.0,0.0,0.0,0.0008237540088639,-0.0019972418635364,0.0036447498812643,0.0,0.0,0.0,1.0,1.0,1.0,0.0,0.0,1.0013612845837447,0.8891453498746076
HAR,LR,One-shot,ts,20,0.0037928980517951,0.0003971855070409,0.0071886105965493,0.0003001466917118,-0.0020189604455482,0.0026192538289718,-0.037586413504362,-0.0488222121961816,-0.0263506148125423,-0.0337935154525668,-0.0443608144437954,-0.0232262164613382,0.0029691440429312,-0.0007194749462735,0.006657763032136,1.755,1.1,2.0,0.0,1.0,1.0359785540451754,0.8890155293297519
HAR,LR,One-shot,confts,20,0.0010476467134016,-0.0019769076041266,0.0040722010309299,0.0010268381360216,-0.0014816782531978,0.0035353545252411,0.0076630068456487,0.0014852110337554,0.0138408026575419,0.0087106535590503,0.0011340433760437,0.0162872637420569,0.0002238927045376,-0.0017734207046758,0.0022212061137511,0.8249999999999998,0.6,1.6,0.85,0.1,0.9934743850335582,0.8893761075963518
HAR,LR,Recursive,base,20,0.0014184968042248,-0.0017042628564267,0.0045412564648763,-0.0002737774054831,-0.0023837371561464,0.0018361823451802,0.0,0.0,0.0,0.0014184968042248,-0.0017042628564267,0.0045412564648763,0.0,0.0,0.0,1.0,1.0,1.0,0.0,0.0,1.0007665417883838,0.8879721192264702
HAR,LR,Recursive,ts,20,0.0044689021660098,0.001279316420918,0.0076584879111016,-0.0005251646912644,-0.0032971508530485,0.0022468214705196,-0.037586413504362,-0.0488222121961816,-0.0263506148125423,-0.0331175113383521,-0.042975132595969,-0.0232598900807351,0.003050405361785,-0.0001190020961352,0.0062198128197054,1.755,1.1,2.0,0.0,1.0,1.0353025499309605,0.8881902179467757
HAR,LR,Recursive,confts,20,0.0004674335271255,-0.0024770080888176,0.0034118751430686,0.0003122165179931,-0.0022206568055602,0.0028450898415465,0.0076630068456487,0.0014852110337554,0.0138408026575419,0.0081304403727742,0.0001358446760478,0.0161250360695005,-0.0009510632770993,-0.0031425445983444,0.0012404180441458,0.8299999999999998,0.6,1.6,0.85,0.1,0.9940545982198344,0.8886614859783233
HAR,Small NN,One-shot,base,20,0.0177738150778391,0.009855071998921,0.0256925581567573,3.3107063532367145e-05,-0.0034558818111439,0.0035220959382086,0.0,0.0,0.0,0.0177738150778391,0.009855071998921,0.0256925581567573,0.0,0.0,0.0,1.0,1.0,1.0,0.0,0.0,1.0040081053577061,0.8882472428561223
HAR,Small NN,One-shot,ts,20,0.0114479204732731,-0.001364293536259,0.0242601344828052,-0.0008066001414394,-0.0037111419804883,0.0020979416976093,-0.0365740501447514,-0.0507306236889631,-0.0224174766005397,-0.0251261296714783,-0.0436037092041268,-0.0066485501388297,-0.006325894604566,-0.0175082960899688,0.0048565068808366,1.91,1.4,2.0,0.0,1.0,1.0469080501070236,0.8870243572396678
HAR,Small NN,One-shot,confts,20,0.0080454102848958,0.0022548827035039,0.0138359378662877,-0.000206141670984,-0.0041310326888126,0.0037187493468446,0.0152893135174658,0.0070047402161536,0.0235738868187781,0.0233347238023617,0.0121159366782265,0.0345535109264969,-0.0097284047929433,-0.0157582444763932,-0.0036985651094933,0.865,0.6,1.6,0.7,0.1,0.9984471966331835,0.8875725031144428
HAR,Small NN,Recursive,base,20,0.0132239432040396,0.0046432499514494,0.0218046364566299,0.0040073333296719,-0.0012710183783844,0.0092856850377284,0.0,0.0,0.0,0.0132239432040396,0.0046432499514494,0.0218046364566299,0.0,0.0,0.0,1.0,1.0,1.0,0.0,0.0,1.0085579772315056,0.8922214691222621
HAR,Small NN,Recursive,ts,20,0.0129600576197049,0.0032525412693556,0.0226675739700542,0.0027642038854104,-0.0027520294512668,0.0082804372220876,-0.0365740501447514,-0.0507306236889631,-0.0224174766005397,-0.0236139925250464,-0.0405809457364379,-0.006647039313655,-0.0002638855843347,-0.0070495891871124,0.0065218180184429,1.86,1.2,2.0,0.0,1.0,1.0453959129605919,0.8905951612665177
HAR,Small NN,Recursive,confts,20,0.0038190625593139,-0.0021948409147366,0.0098329660333645,0.0042477618119333,-0.0012869676239639,0.0097824912478307,0.0152893135174658,0.0070047402161536,0.0235738868187781,0.0191083760767798,0.0098950574175835,0.028321694735976,-0.0094048806447257,-0.0149154419212762,-0.0038943193681752,0.8800000000000001,0.5,1.6,0.6,0.15,1.0026735443587653,0.8920264065973601
