dataset,model,method,reference_method,metric,positive_direction,target_size_rule,target_size_min,target_size_max,n_pairs,mean_difference,median_difference,standard_deviation,standard_error,ci_lower,ci_upper,cohens_dz,rank_biserial,sign_flip_pvalue,wilcoxon_pvalue,positive_fraction,holm_sign_flip_pvalue,holm_wilcoxon_pvalue
Covertype,LR,One-shot,MI,mean_size,proposed_smaller,matched_within_seed,49,53,10,0.0013589987194845,0.0016316246024206,0.002808725927777,0.0008881971254945,-0.0006502427699296,0.0033682402088986,0.4838488177307015,0.4909090909090909,0.15234375,0.193359375,0.8,0.76171875,0.966796875
Covertype,LR,One-shot,MI,accuracy,proposed_higher,matched_within_seed,49,53,10,0.000194142674212,0.000201371390805,0.000487410364358,0.0001541326906543,-0.000154529695973,0.0005428150443972,0.3983146203052041,0.4909090909090909,0.236328125,0.193359375,0.7,1.0,1.0
Covertype,LR,One-shot,RFE,mean_size,proposed_smaller,matched_within_seed,49,53,10,0.000210665454996,0.0005369903754802,0.002439521462118,0.0007714444221157,-0.0015344630701937,0.0019557939801859,0.086355237396918,0.2363636363636363,0.78515625,0.556640625,0.7,1.0,1.0
Covertype,LR,One-shot,RFE,accuracy,proposed_higher,matched_within_seed,49,53,10,0.000104300053699,7.228716592999618e-05,0.0003652497139006,0.000115502101065,-0.0001569838515436,0.0003655839589416,0.2855582077947931,0.3333333333333333,0.359375,0.4140625,0.6,1.0,1.0
Covertype,LR,One-shot,CRFE,mean_size,proposed_smaller,matched_within_seed,49,53,10,0.0106664876698748,0.0124953529679044,0.0097539154201665,0.0030844588832364,0.0036889569138049,0.0176440184259447,1.0935595820137611,0.8909090909090909,0.0078125,0.009765625,0.9,0.0703125,0.087890625
Covertype,LR,One-shot,CRFE,accuracy,proposed_higher,matched_within_seed,49,53,10,0.0010760460985583,0.0007848320872402,0.0014261437446914,0.0004509862504026,5.584432188649076e-05,0.0020962478752302,0.7545144748302977,0.9636363636363636,0.00390625,0.00390625,0.9,0.0390625,0.0390625
Covertype,LR,One-shot,Permutation,mean_size,proposed_smaller,matched_within_seed,49,53,10,0.0002922466851171,0.0011617580238755,0.002632942663383,0.000832609576492,-0.0015912470321587,0.002175740402393,0.110996220761452,0.2363636363636363,0.736328125,0.556640625,0.7,1.0,1.0
Covertype,LR,One-shot,Permutation,accuracy,proposed_higher,matched_within_seed,49,53,10,-0.000105332727498,-0.00018588128382,0.0004031926701945,0.0001275007173699,-0.0003937593885584,0.0001830939335624,-0.2612466328993553,-0.3818181818181818,0.4296875,0.30859375,0.3,1.0,1.0
Covertype,LR,One-shot,SHAP,mean_size,proposed_smaller,matched_within_seed,49,53,10,0.0020199099508447,0.0025300508075509,0.0028511905618055,0.000901625621848,-1.970890778123322e-05,0.0040595288094707,0.7084443873739588,0.6363636363636364,0.060546875,0.083984375,0.7,0.423828125,0.50390625
Covertype,LR,One-shot,SHAP,accuracy,proposed_higher,matched_within_seed,49,53,10,9.294064190989991e-06,3.098021397002215e-05,0.0004574549372666,0.0001446599528651,-0.000317949484353,0.000336537612735,0.0203168955756027,0.0181818181818181,0.923828125,1.0,0.5,1.0,1.0
Covertype,LR,Recursive,MI,mean_size,proposed_smaller,matched_within_seed,49,51,10,0.0023834111280927,0.003067041183031,0.0035207422635555,0.0011133564607252,-0.0001351761642845,0.00490199842047,0.6769626827740989,0.7454545454545455,0.0625,0.037109375,0.7,0.423828125,0.259765625
Covertype,LR,Recursive,MI,accuracy,proposed_higher,matched_within_seed,49,51,10,1.6522780784022918e-05,5.163368995031448e-06,0.0006327218949674,0.0002000842313555,-0.0004360991963398,0.0004691447579078,0.0261138122695621,0.0909090909090909,0.93359375,0.845703125,0.5,1.0,1.0
Covertype,LR,Recursive,RFE,mean_size,proposed_smaller,matched_within_seed,49,51,10,0.0010275104300052,0.0020550208600106,0.0024409541357769,0.0007718974733062,-0.0007186429681803,0.0027736638281909,0.4209462254718893,0.4909090909090909,0.208984375,0.193359375,0.7,0.76171875,0.966796875
Covertype,LR,Recursive,RFE,accuracy,proposed_higher,matched_within_seed,49,51,10,4.130695195991852e-06,9.81040109050424e-05,0.0005465523572702,0.0001728350309508,-0.0003868493080518,0.0003951106984438,0.0075577300894323,0.109090909090909,0.984375,0.791015625,0.6,1.0,1.0
Covertype,LR,Recursive,CRFE,mean_size,proposed_smaller,matched_within_seed,49,51,10,0.0164556569870709,0.0158205626006856,0.0065324583447417,0.0020657447089557,0.0117826177971941,0.0211286961769476,2.5190603779841405,1.0,0.001953125,0.001953125,1.0,0.01953125,0.01953125
Covertype,LR,Recursive,CRFE,accuracy,proposed_higher,matched_within_seed,49,51,10,0.0012361105374034,0.0009810401090503,0.0014419276350453,0.0004559775547883,0.0002046176457638,0.002267603429043,0.8572625334035088,0.8909090909090909,0.009765625,0.009765625,0.9,0.087890625,0.087890625
Covertype,LR,Recursive,Permutation,mean_size,proposed_smaller,matched_within_seed,49,51,10,0.0013042670081374,0.0016367879714155,0.0027448843844665,0.0008680086568743,-0.0006593049923817,0.0032678390086565,0.4751628212533669,0.4909090909090909,0.1640625,0.193359375,0.7,0.76171875,0.966796875
Covertype,LR,Recursive,Permutation,accuracy,proposed_higher,matched_within_seed,49,51,10,-0.0004130695196001,-0.0004698665785451,0.0006205979093029,0.0001962502904536,-0.0008570185198509,3.0879480650689755e-05,-0.6655992767750201,-0.6,0.0625,0.10546875,0.3,0.5,0.84375
Covertype,LR,Recursive,SHAP,mean_size,proposed_smaller,matched_within_seed,49,51,10,0.0035017968524102,0.0036195216654962,0.0038436571041779,0.0012154710993889,0.0007522101987533,0.0062513835060671,0.9110585979701296,0.7818181818181819,0.01953125,0.02734375,0.7,0.15625,0.21875
Covertype,LR,Recursive,SHAP,accuracy,proposed_higher,matched_within_seed,49,51,10,8.05485563220354e-05,-2.5816844975046216e-05,0.0006170709620842,0.0001951349718137,-0.0003608774178789,0.0005219745305229,0.1305337007756208,-0.1636363636363636,0.78125,0.6953125,0.3,1.0,1.0
Covertype,Small NN,One-shot,MI,mean_size,proposed_smaller,matched_within_seed,53,53,10,0.0013476393076955,0.0010068569540254,0.0062310248315387,0.0019704230624729,-0.0031097673368204,0.0058050459522114,0.2162789178554277,0.3454545454545454,0.521484375,0.375,0.6,1.0,1.0
Covertype,Small NN,One-shot,MI,accuracy,proposed_higher,matched_within_seed,53,53,10,-0.0004647032095501,0.000211698128795,0.0028889489161155,0.0009135658618799,-0.0025313327676899,0.0016019263485895,-0.1608554609456437,-0.1636363636363636,0.626953125,0.6953125,0.5,1.0,1.0
Covertype,Small NN,One-shot,RFE,mean_size,proposed_smaller,matched_within_seed,53,53,10,0.0022884051385847,0.0020446941220205,0.0096426510961523,0.003049274014616,-0.0046095319149133,0.0091863421920829,0.2373211594784266,0.3090909090909091,0.46484375,0.431640625,0.7,1.0,1.0
Covertype,Small NN,One-shot,RFE,accuracy,proposed_higher,matched_within_seed,53,53,10,0.0005338923540831,0.0006144409104051,0.0027733056826067,0.0008769962604925,-0.0014500110183372,0.0025177957265036,0.1925111816672724,0.2363636363636363,0.556640625,0.556640625,0.7,1.0,1.0
Covertype,Small NN,One-shot,Permutation,mean_size,proposed_smaller,matched_within_seed,53,53,10,5.989508034200952e-05,0.0015490106985005,0.008050477788546,0.0025457846064401,-0.0056990698020578,0.0058188599627418,0.0074399410712275,0.0181818181818181,0.982421875,1.0,0.6,1.0,1.0
Covertype,Small NN,One-shot,Permutation,accuracy,proposed_higher,matched_within_seed,53,53,10,-0.000262299144946,0.000356272460655,0.0027919361054714,0.0008828877174949,-0.0022595299190239,0.0017349316291317,-0.0939488351585361,-0.0909090909090909,0.77734375,0.845703125,0.6,1.0,1.0
Covertype,Small NN,One-shot,CRFE,mean_size,proposed_smaller,matched_within_seed,53,53,10,0.0092000908752942,0.005839770333347,0.0269559492516956,0.0085242196127269,-0.0100830335789009,0.0284832153294895,0.3413009421182074,0.2363636363636363,0.375,0.5390625,0.7,1.0,1.0
Covertype,Small NN,One-shot,CRFE,accuracy,proposed_higher,matched_within_seed,53,53,10,0.0044126151431285,0.0015490106985005,0.0112636664665442,0.003561884083874,-0.003644926450264,0.0124701567365211,0.3917565524720668,0.3818181818181818,0.23828125,0.322265625,0.5,1.0,1.0
Covertype,Small NN,One-shot,SHAP,mean_size,proposed_smaller,matched_within_seed,53,53,10,0.0006381924077822,0.00012392085588,0.0054812961651477,0.0017333380411813,-0.0032828906576267,0.0045592754731911,0.1164309295746649,0.0666666666666666,0.7421875,0.91015625,0.5,1.0,1.0
Covertype,Small NN,One-shot,SHAP,accuracy,proposed_higher,matched_within_seed,53,53,10,0.000331488289479,-4.647032095500547e-05,0.0016326660215185,0.0005162943286364,-0.0008364506241578,0.001499427203116,0.2030349655778168,0.1555555555555555,0.57421875,0.734375,0.4,1.0,1.0
Covertype,Small NN,Recursive,MI,mean_size,proposed_smaller,matched_within_seed,49,53,10,-0.0004316576479821,0.0026126647114708,0.0103204560456964,0.0032636147596055,-0.0078144671530377,0.0069511518570734,-0.041825443184959,0.2,0.90234375,0.625,0.7,1.0,1.0
Covertype,Small NN,Recursive,MI,accuracy,proposed_higher,matched_within_seed,49,53,10,-0.0012629600561774,-0.0007177082903052,0.0033150671552787,0.0010483162807095,-0.0036344162394626,0.0011084961271076,-0.3809757078876709,-0.3818181818181818,0.255859375,0.322265625,0.3,1.0,1.0
Covertype,Small NN,Recursive,RFE,mean_size,proposed_smaller,matched_within_seed,49,53,10,-0.0015438473295055,0.0001652278078402,0.0109796157252355,0.0034720593525145,-0.0093981912634569,0.0063104966044458,-0.1406103244539932,-0.0545454545454545,0.681640625,0.921875,0.5,1.0,1.0
Covertype,Small NN,Recursive,RFE,accuracy,proposed_higher,matched_within_seed,49,53,10,-0.0003314882894791,-0.000139410962865,0.0039535044210094,0.0012502078709934,-0.0031596549798337,0.0024966784008755,-0.0838466975571218,-0.0545454545454545,0.796875,0.921875,0.5,1.0,1.0
Covertype,Small NN,Recursive,CRFE,mean_size,proposed_smaller,matched_within_seed,49,53,10,0.0398684373580073,0.0405427733487544,0.0470906252657982,0.0148913632281394,0.0061818333676419,0.0735550413483727,0.8466321509424449,0.6363636363636364,0.048828125,0.083984375,0.7,0.48828125,0.83984375
Covertype,Small NN,Recursive,CRFE,accuracy,proposed_higher,matched_within_seed,49,53,10,0.0160529142054607,0.0165640877359659,0.0177812689657382,0.0056229309619799,0.003332960653898,0.0287728677570234,0.902799132974829,0.6727272727272727,0.04296875,0.064453125,0.7,0.4296875,0.64453125
Covertype,Small NN,Recursive,Permutation,mean_size,proposed_smaller,matched_within_seed,49,53,10,-0.0019827336940806,-0.0015077037465403,0.010183156252033,0.0032201967525808,-0.0092673248435508,0.0053018574553895,-0.1947071855727256,-0.2363636363636363,0.5703125,0.556640625,0.4,1.0,1.0
Covertype,Small NN,Recursive,Permutation,accuracy,proposed_higher,matched_within_seed,49,53,10,-0.0010936015531413,-0.0020860010739807,0.0040634732042045,0.0012849830536348,-0.0040004351719958,0.001813232065713,-0.2691297562907082,-0.3090909090909091,0.412109375,0.431640625,0.3,1.0,1.0
Covertype,Small NN,Recursive,SHAP,mean_size,proposed_smaller,matched_within_seed,49,53,10,-0.0016884216613656,0.0009810401090504,0.0111412270694319,0.0035231653468527,-0.009658375386471,0.0062815320637398,-0.1515471905242943,0.2444444444444444,0.76171875,0.5703125,0.6,1.0,1.0
Covertype,Small NN,Recursive,SHAP,accuracy,proposed_higher,matched_within_seed,49,53,10,-0.000122888182081,8.777727291503501e-05,0.003292358312677,0.0010411351141448,-0.0024780994379845,0.0022323230738223,-0.0373252758084943,0.0222222222222222,0.875,1.0,0.5,1.0,1.0
Dry Bean,LR,One-shot,MI,mean_size,proposed_smaller,matched_within_seed,13,16,20,0.0023578669017188,0.0015425297487879,0.0054435109618396,0.0012172060546938,-0.0001897746499268,0.0049055084533645,0.4331518606737534,0.5,0.06646728515625,0.0785808701786487,0.55,0.46527099609375,0.5500660912505414
Dry Bean,LR,One-shot,MI,accuracy,proposed_higher,matched_within_seed,13,16,20,0.0020052886734244,0.0013221683561039,0.0022720238811094,0.0005080399844663,0.0009419487653351,0.0030686285815137,0.8826001742751126,0.8823529411764706,0.000518798828125,0.0019020072001692,0.75,0.00311279296875,0.0114120432010156
Dry Bean,LR,One-shot,RFE,mean_size,proposed_smaller,matched_within_seed,13,16,20,0.00110180696342,0.0006610841780519,0.0047906768426479,0.0010712279078394,-0.0011402988154415,0.0033439127422815,0.2299898322532272,0.2794117647058823,0.32635498046875,0.3256273578347909,0.5,1.0,1.0
Dry Bean,LR,One-shot,RFE,accuracy,proposed_higher,matched_within_seed,13,16,20,0.0019612163948876,0.0013221683561039,0.00186147206324,0.0004162378071621,0.001090020652143,0.0028324121376322,1.0535835770072894,1.0,6.103515625e-05,0.0006451158437926,0.75,0.00054931640625,0.0058060425941336
Dry Bean,LR,One-shot,Permutation,mean_size,proposed_smaller,matched_within_seed,13,16,20,0.0005729396209784,0.0,0.0046159213403024,0.0010321513895708,-0.0015873780651842,0.0027332573071411,0.1241224836255252,0.1583333333333333,0.6016845703125,0.5891974450661692,0.4,1.0,1.0
Dry Bean,LR,One-shot,Permutation,accuracy,proposed_higher,matched_within_seed,13,16,20,0.0016086381665932,0.0011018069634201,0.0015876004271079,0.000354998247612,0.0008656182950683,0.0023516580381181,1.0132512810692849,1.0,6.103515625e-05,0.0006467491225764,0.75,0.00054931640625,0.0058060425941336
Dry Bean,LR,One-shot,SHAP,mean_size,proposed_smaller,matched_within_seed,13,16,20,0.000771264874394,0.0,0.004615423001195,0.0010320399575588,-0.0013888195818871,0.0029313493306751,0.1671059996438699,0.2166666666666666,0.47930908203125,0.4600300472530342,0.45,1.0,1.0
Dry Bean,LR,One-shot,SHAP,accuracy,proposed_higher,matched_within_seed,13,16,20,0.001762891141472,0.0011018069634201,0.0017454074914905,0.000390284979941,0.0009460152903812,0.0025797669925628,1.0100169445053568,1.0,6.103515625e-05,0.0006467491225764,0.75,0.00054931640625,0.0058060425941336
Dry Bean,LR,One-shot,CRFE,mean_size,proposed_smaller,matched_within_seed,13,16,20,0.0006390480387836,0.0,0.0041231420694502,0.0009219625948179,-0.0012906418494351,0.0025687379270023,0.1549905455643978,0.35,0.519287109375,0.2323189181579913,0.45,1.0,1.0
Dry Bean,LR,One-shot,CRFE,accuracy,proposed_higher,matched_within_seed,13,16,20,0.0005949757602467,0.0,0.0021125436922294,0.0004723791301263,-0.0003937251219081,0.0015836766424017,0.2816395052255194,0.3714285714285714,0.244873046875,0.2203297530976842,0.45,0.3076171875,0.4406595061953684
Dry Bean,LR,Recursive,MI,mean_size,proposed_smaller,matched_within_seed,11,16,20,0.0175628029969149,0.0118995152049361,0.0175115406910282,0.0039156995375892,0.009367149674905,0.0257584563189247,1.0029273441321451,0.8789473684210526,0.0002593994140625,0.0007768821742015,0.75,0.002593994140625,0.0077688217420158
Dry Bean,LR,Recursive,MI,accuracy,proposed_higher,matched_within_seed,11,16,20,0.0055971793741736,0.004186866460996,0.004727522980426,0.0010571062749425,0.003384630512653,0.0078097282356943,1.183956037305018,0.9894736842105264,7.62939453125e-06,0.0001546190150682,0.9,7.62939453125e-05,0.0015461901506827
Dry Bean,LR,Recursive,RFE,mean_size,proposed_smaller,matched_within_seed,11,16,20,0.0033935654473336,0.0022036139268399,0.0059801354568643,0.0013371989396205,0.0005947759011785,0.0061923549934886,0.5674730065584487,0.5210526315789473,0.0213966369628906,0.0463060179864321,0.65,0.1925697326660156,0.4167541618778896
Dry Bean,LR,Recursive,RFE,accuracy,proposed_higher,matched_within_seed,11,16,20,0.0018951079770824,0.0013221683561041,0.0024521736067771,0.0005483226877384,0.000747455402068,0.0030427605520968,0.7728278176736141,0.7973856209150327,0.0027618408203125,0.0038567244484245,0.65,0.01104736328125,0.0154268977936982
Dry Bean,LR,Recursive,CRFE,mean_size,proposed_smaller,matched_within_seed,11,16,20,0.0008373732921992,0.0,0.0053039220993045,0.0011859930361408,-0.0016449386608042,0.0033196852452027,0.1578781280194543,0.1695906432748538,0.4975509643554687,0.5275307805322712,0.45,1.0,1.0
Dry Bean,LR,Recursive,CRFE,accuracy,proposed_higher,matched_within_seed,11,16,20,0.0008594094314675,0.0,0.0024950515389542,0.0005579104848467,-0.0003083106335231,0.0020271294964583,0.3444455627669272,0.3006535947712418,0.15380859375,0.2752416264336398,0.4,0.3076171875,0.4406595061953684
Dry Bean,LR,Recursive,Permutation,mean_size,proposed_smaller,matched_within_seed,11,16,20,0.002313794623182,0.002644336712208,0.0059506166491953,0.0013305983335642,-0.0004711796957236,0.0050987689420876,0.3888327478623407,0.4368421052631579,0.1020278930664062,0.094742151556038,0.65,0.6121673583984375,0.5684529093362282
Dry Bean,LR,Recursive,Permutation,accuracy,proposed_higher,matched_within_seed,11,16,20,0.0016086381665932,0.0011018069634201,0.0019410508437048,0.0004340321634307,0.0007001984081458,0.0025170779250406,0.8287460227073871,0.8169934640522876,0.00164794921875,0.0030652142950425,0.7,0.00823974609375,0.0153260714752125
Dry Bean,LR,Recursive,SHAP,mean_size,proposed_smaller,matched_within_seed,11,16,20,0.0027765535478183,0.0028646981048919,0.005897509155328,0.001318723136924,1.6434301131469653e-05,0.0055366727945052,0.4708010576481966,0.4789473684210526,0.0510826110839843,0.0670146891263078,0.65,0.408660888671875,0.5361175130104627
Dry Bean,LR,Recursive,SHAP,accuracy,proposed_higher,matched_within_seed,11,16,20,0.001322168356104,0.0008814455707361,0.0021590918843395,0.0004827876223051,0.0003116822494488,0.0023326544627592,0.6123724356958012,0.7189542483660131,0.008544921875,0.0091370325020023,0.65,0.025634765625,0.027411097506007
Dry Bean,Small NN,One-shot,MI,mean_size,proposed_smaller,matched_within_seed,11,16,20,0.0197443807844866,0.0130013221683561,0.0207982425669749,0.0046506284192285,0.0100105036349263,0.0294782579340469,0.9493292868811072,0.9105263157894736,6.4849853515625e-05,0.0004983279085286,0.8,0.0003890991210937,0.002772979378309
Dry Bean,Small NN,One-shot,MI,accuracy,proposed_higher,matched_within_seed,11,16,20,0.0051344204495373,0.0037461436756281,0.0063227735114582,0.0014138151377955,0.0021752713576446,0.00809356954143,0.8120519326261881,0.869281045751634,0.000518798828125,0.001641527894313,0.7,0.004150390625,0.0131322231545045
Dry Bean,Small NN,One-shot,RFE,mean_size,proposed_smaller,matched_within_seed,11,16,20,0.0122520934332305,0.0088144557073602,0.0134536189259427,0.0030083206461785,0.0059556059574056,0.0185485809090554,0.9106912794746032,0.8578947368421053,0.0002975463867187,0.0010378139715892,0.75,0.000762939453125,0.0037289141731423
Dry Bean,Small NN,One-shot,RFE,accuracy,proposed_higher,matched_within_seed,11,16,20,0.0026884089907448,0.0035257822829439,0.0038017424514392,0.0008500954554364,0.0009091387539731,0.0044676792275166,0.7071517929172377,0.7254901960784313,0.006500244140625,0.008588822102697,0.65,0.0260009765625,0.034355288410788
Dry Bean,Small NN,One-shot,Permutation,mean_size,proposed_smaller,matched_within_seed,11,16,20,0.0154693697664169,0.0099162626707801,0.019706557963249,0.0044065203208364,0.0062464167386672,0.0246923227941667,0.7849858811095268,0.8578947368421053,0.0003738403320312,0.0010378139715892,0.75,0.000762939453125,0.0037289141731423
Dry Bean,Small NN,One-shot,Permutation,accuracy,proposed_higher,matched_within_seed,11,16,20,0.0026663728514764,0.0035257822829439,0.0042380727241317,0.0009476618704746,0.0006828937611275,0.0046498519418254,0.6291474981762479,0.6666666666666666,0.0127716064453125,0.0130080748940643,0.65,0.0260009765625,0.034355288410788
Dry Bean,Small NN,One-shot,SHAP,mean_size,proposed_smaller,matched_within_seed,11,16,20,0.0146099603349493,0.0103569854561481,0.0171314582649249,0.0038307105234072,0.0065921910639828,0.0226277296059158,0.852814752195491,0.8888888888888888,0.0001907348632812,0.0009322285432855,0.75,0.000762939453125,0.0037289141731423
Dry Bean,Small NN,One-shot,SHAP,accuracy,proposed_higher,matched_within_seed,11,16,20,0.0024900837373292,0.002864698104892,0.0035265795531048,0.0007885671608803,0.0008395937010902,0.0041405737735682,0.7060903347939343,0.6842105263157895,0.0066070556640625,0.0108155561628859,0.7,0.0260009765625,0.034355288410788
Dry Bean,Small NN,One-shot,CRFE,mean_size,proposed_smaller,matched_within_seed,11,16,20,0.019435874834729,0.0156456588805643,0.0271732069921392,0.0060761138001095,0.0067184224937773,0.0321533271756806,0.7152587782646151,0.9157894736842104,0.0001258850097656,0.0004621632297181,0.8,0.0006294250488281,0.002772979378309
Dry Bean,Small NN,One-shot,CRFE,accuracy,proposed_higher,matched_within_seed,11,16,20,0.0031070956368444,0.002864698104892,0.0035531487629125,0.0007945082168041,0.0014441708276482,0.0047700204460406,0.8744625807047615,0.7894736842105263,0.0007438659667968,0.0025303168308898,0.8,0.0052070617675781,0.0177122178162288
Dry Bean,Small NN,Recursive,MI,mean_size,proposed_smaller,matched_within_seed,11,16,20,0.0337152930806523,0.0343763772587043,0.0247369514593423,0.0055313505019202,0.0221380434267698,0.0452925427345347,1.3629526312515443,0.9894736842105264,7.62939453125e-06,0.0001550957727957,0.9,7.62939453125e-05,0.0015485725743722
Dry Bean,Small NN,Recursive,MI,accuracy,proposed_higher,matched_within_seed,11,16,20,0.0097840458351697,0.0088144557073601,0.0085836497967625,0.0019193624440613,0.0057667740706214,0.013801317599718,1.1398468095541354,0.8789473684210526,0.0001068115234375,0.0007778397530102,0.75,0.0009613037109375,0.0070005577770925
Dry Bean,Small NN,Recursive,RFE,mean_size,proposed_smaller,matched_within_seed,11,16,20,0.0180255619215513,0.0167474658439841,0.0142214395667259,0.0031800105609104,0.0113697233242933,0.0246814005188093,1.2674920732867276,0.9789473684210528,1.1444091796875e-05,0.0001819073569158,0.9,9.1552734375e-05,0.0015485725743722
Dry Bean,Small NN,Recursive,RFE,accuracy,proposed_higher,matched_within_seed,11,16,20,0.0040105773468488,0.0033054208902599,0.0047915303393308,0.0010714187554996,0.0017680721192439,0.0062530825744538,0.8370138688110618,0.7526315789473684,0.0017242431640625,0.0040070364782641,0.7,0.010345458984375,0.0211069505252599
Dry Bean,Small NN,Recursive,Permutation,mean_size,proposed_smaller,matched_within_seed,11,16,20,0.014918466284707,0.0116791538122522,0.0129531899649539,0.0028964213287105,0.0088561867720146,0.0209807457973993,1.1517214157339086,0.9894736842105264,7.62939453125e-06,0.0001548572574372,0.9,7.62939453125e-05,0.0015485725743722
Dry Bean,Small NN,Recursive,Permutation,accuracy,proposed_higher,matched_within_seed,11,16,20,0.002974878801234,0.0022036139268399,0.0037091201172874,0.0008293844718966,0.0012389571512015,0.0047108004512665,0.8020443412896536,0.7631578947368421,0.0017433166503906,0.0035178250875433,0.7,0.010345458984375,0.0211069505252599
Dry Bean,Small NN,Recursive,SHAP,mean_size,proposed_smaller,matched_within_seed,11,16,20,0.0147862494490966,0.0136624063464083,0.0138968254590813,0.0031074246397955,0.0082823349307433,0.0212901639674498,1.064001954448812,0.9649122807017544,3.814697265625e-05,0.0003264782848128,0.85,0.0002670288085937,0.00228534799369
Dry Bean,Small NN,Recursive,SHAP,accuracy,proposed_higher,matched_within_seed,11,16,20,0.0027324812692816,0.001983252534156,0.0045769996291719,0.0010234482303819,0.0005903795046505,0.0048745830339127,0.5970027290074265,0.6263157894736842,0.0164947509765625,0.0165811852593985,0.65,0.0260009765625,0.034355288410788
Dry Bean,Small NN,Recursive,CRFE,mean_size,proposed_smaller,matched_within_seed,11,16,20,0.0168576465403262,0.0134420449537243,0.0199299025128707,0.0044564616803722,0.0075301650457581,0.0261851280348942,0.8458469141752952,0.8368421052631579,0.0002212524414062,0.0013701155444246,0.75,0.000762939453125,0.0037289141731423
Dry Bean,Small NN,Recursive,CRFE,accuracy,proposed_higher,matched_within_seed,11,16,20,0.0048920229175848,0.001983252534156,0.006834980821498,0.0015283481741776,0.0016931534255199,0.0080908924096497,0.7157332325202752,0.9421052631578948,4.1961669921875e-05,0.000313961510292,0.85,0.0004196166992187,0.0031396151029204
HAR,LR,One-shot,MI,mean_size,proposed_smaller,matched_within_seed,556,560,20,0.0015426238711434,0.0020533859662189,0.0047184418124377,0.0010550756640488,-0.0006656748729314,0.0037509226152184,0.3269350205987835,0.3238095238095238,0.1590423583984375,0.2161674499511718,0.65,0.954254150390625,1.0
HAR,LR,One-shot,MI,accuracy,proposed_higher,matched_within_seed,556,560,20,0.0006124110468612,0.0008846873970301,0.0029155224719546,0.0006519306437218,-0.0007520954722544,0.001976917565977,0.2100519041620414,0.3567251461988304,0.36083984375,0.1840836935496422,0.6,1.0,1.0
HAR,LR,One-shot,RFE,mean_size,proposed_smaller,matched_within_seed,556,560,20,0.0015652370138782,0.0,0.0054005195942038,0.0012075928926459,-0.0009622839583621,0.0040927579861187,0.2898308184194337,0.2679738562091503,0.2120513916015625,0.3318316080926889,0.45,0.954254150390625,1.0
HAR,LR,One-shot,RFE,accuracy,proposed_higher,matched_within_seed,556,560,20,0.0012861155383343,0.0023357682154116,0.0027684795701517,0.0006190508513178,-9.57278437594875e-06,0.0025818038610445,0.4645566296390623,0.5087719298245614,0.0526962280273437,0.0581665689845035,0.7,0.5269622802734375,0.5816656898450355
HAR,LR,One-shot,CRFE,mean_size,proposed_smaller,matched_within_seed,556,560,20,0.0014440973057168,0.0008848350960826,0.005185076356692,0.001159418320209,-0.0009825931276023,0.003870787739036,0.2785103258610768,0.3263157894736842,0.2291755676269531,0.2122114218560655,0.55,0.954254150390625,1.0
HAR,LR,One-shot,CRFE,accuracy,proposed_higher,matched_within_seed,556,560,20,0.0006542932193322,0.0005870267602876,0.0030193253329145,0.0006751416690584,-0.0007587945341403,0.0020673809728048,0.2167017950002432,0.2418300653594771,0.335845947265625,0.3811632511856291,0.55,1.0,1.0
HAR,LR,One-shot,Permutation,mean_size,proposed_smaller,matched_within_seed,556,560,20,0.0020572024827468,0.0020596905166988,0.005266765809186,0.0011776846370911,-0.0004077197911921,0.0045221247566857,0.3906007134698752,0.4502923976608187,0.0970001220703125,0.093564486620427,0.6,0.7760009765625,0.7485158929634164
HAR,LR,One-shot,Permutation,accuracy,proposed_higher,matched_within_seed,556,560,20,0.0013761633136774,0.0020115117843593,0.0042596121635567,0.0009524782355497,-0.0006173965446286,0.0033697231719834,0.3230724443533211,0.3333333333333333,0.1647186279296875,0.2273852697037326,0.6,1.0,1.0
HAR,LR,One-shot,SHAP,mean_size,proposed_smaller,matched_within_seed,556,560,20,0.0016053185217495,0.0002929115407147,0.0065308796664691,0.0014603490887096,-0.0014512272487529,0.0046618642922519,0.245804333218931,0.231578947368421,0.2860488891601562,0.3759797524564171,0.5,0.954254150390625,1.0
HAR,LR,One-shot,SHAP,accuracy,proposed_higher,matched_within_seed,556,560,20,0.0010202146336342,0.0011851861216284,0.0027456610186328,0.0006139484680834,-0.0002647942782314,0.0023052235455,0.3715734122715147,0.4502923976608187,0.1124725341796875,0.0936033730440888,0.65,1.0,0.8424303573967993
HAR,LR,Recursive,MI,mean_size,proposed_smaller,matched_within_seed,556,557,20,0.0020782814436396,0.0026507784706811,0.0045633716588144,0.0010204009235705,-5.7442234533911386e-05,0.0042140051218131,0.4554267324742839,0.5904761904761905,0.0559806823730468,0.0192337036132812,0.75,0.5038261413574219,0.1731033325195312
HAR,LR,Recursive,MI,accuracy,proposed_higher,matched_within_seed,556,557,20,-0.0008782418240311,3.330911813315129e-06,0.0033640032298256,0.0007522139898418,-0.0024526437988327,0.0006961601507703,-0.2610704461412516,-0.1714285714285714,0.2578353881835937,0.5216732025146484,0.5,1.0,1.0
HAR,LR,Recursive,RFE,mean_size,proposed_smaller,matched_within_seed,556,557,20,0.0022969953345618,0.0026274179410589,0.006081839851058,0.0013599407335233,-0.0005493933332721,0.0051433840023957,0.3776809963455723,0.3714285714285714,0.1074123382568359,0.1536464691162109,0.6,0.7760009765625,1.0
HAR,LR,Recursive,RFE,accuracy,proposed_higher,matched_within_seed,556,557,20,0.0001784253566624,0.0002944640753828,0.003375597678731,0.0007548065874333,-0.0014014029872613,0.0017582537005862,0.0528574118256619,0.0457516339869281,0.8098602294921875,0.8684061308988609,0.5,1.0,1.0
HAR,LR,Recursive,CRFE,mean_size,proposed_smaller,matched_within_seed,556,557,20,0.0017092044996647,0.0034613138953256,0.0055119670628718,0.0012325133042321,-0.0008704754934712,0.0042888844928008,0.3100897520193598,0.3619047619047619,0.1803779602050781,0.164957046508789,0.6,0.954254150390625,1.0
HAR,LR,Recursive,CRFE,accuracy,proposed_higher,matched_within_seed,556,557,20,-0.0003140329732061,0.0,0.0037269771276404,0.0008333774207991,-0.0020583119613393,0.0014302460149271,-0.0842594312900776,-0.0760233918128654,0.7207489013671875,0.7771175732880233,0.45,1.0,1.0
HAR,LR,Recursive,Permutation,mean_size,proposed_smaller,matched_within_seed,556,557,20,0.0033822262579223,0.0040996201698911,0.0050622071994436,0.0011319439414144,0.0010130403603,0.0057514121555445,0.6681327185291913,0.638095238095238,0.0086536407470703,0.0106887817382812,0.75,0.0865364074707031,0.1068878173828125
HAR,LR,Recursive,Permutation,accuracy,proposed_higher,matched_within_seed,556,557,20,-5.203591721804624e-05,0.0011655581637974,0.0030388615818066,0.0006795101071132,-0.0014742669166195,0.0013701950821834,-0.0171234904312785,0.0285714285714285,0.9456310272216796,0.9272785186767578,0.6,1.0,1.0
HAR,LR,Recursive,SHAP,mean_size,proposed_smaller,matched_within_seed,556,557,20,0.0017281521306128,0.002045848559125,0.006372119175856,0.0014248491637944,-0.0012540914431124,0.0047103957043381,0.2712052431726038,0.3263157894736842,0.239837646484375,0.2122114218560655,0.6,0.954254150390625,1.0
HAR,LR,Recursive,SHAP,accuracy,proposed_higher,matched_within_seed,556,557,20,5.510445327727709e-05,0.0002988643156007,0.0031003442202301,0.0006932580430083,-0.0013959013066511,0.0015061102132057,0.0177736565242377,0.0175438596491228,0.9407119750976562,0.9479148130096964,0.5,1.0,1.0
HAR,Small NN,One-shot,MI,mean_size,proposed_smaller,matched_within_seed,557,561,20,0.0165992398362493,0.0080343423553477,0.0242782508246364,0.0054287819218677,0.0052366686876431,0.0279618109848554,0.6837082274232518,0.7157894736842105,0.0022201538085937,0.0062102565904497,0.7,0.0155410766601562,0.0372615395426984
HAR,Small NN,One-shot,MI,accuracy,proposed_higher,matched_within_seed,557,561,20,0.0021735587120429,0.0011634968356152,0.0067757802819647,0.0015151105311075,-0.0009976040746526,0.0053447214987384,0.320783529216308,0.2947368421052631,0.16693115234375,0.2598350470503199,0.55,0.6210479736328125,1.0
HAR,Small NN,One-shot,RFE,mean_size,proposed_smaller,matched_within_seed,557,561,20,0.0112579069602696,0.0130419675750442,0.0212017753966398,0.0047408611030569,0.0013351706329627,0.0211806432875764,0.5309888794526989,0.5578947368421052,0.0296554565429687,0.0329382117284357,0.65,0.0701713562011718,0.0979664239699492
HAR,Small NN,One-shot,RFE,accuracy,proposed_higher,matched_within_seed,557,561,20,0.000924009719392,0.0011752614452145,0.0052962085124739,0.0011842682256904,-0.0015546921638495,0.0034027116026336,0.1744662652944558,0.2,0.442047119140625,0.4445089026353956,0.55,0.88409423828125,1.0
HAR,Small NN,One-shot,CRFE,mean_size,proposed_smaller,matched_within_seed,557,561,20,0.0159301675307421,0.0131499167064847,0.0164384600706211,0.0036757514163324,0.0082367313983328,0.0236236036631514,0.9690790659407702,0.8947368421052632,0.0002937316894531,0.0006248650064105,0.75,0.002349853515625,0.0056237850576953
HAR,Small NN,One-shot,CRFE,accuracy,proposed_higher,matched_within_seed,557,561,20,0.0035967523723328,0.0032964931696115,0.0058800293118959,0.001314814525109,0.0008448139441941,0.0063486908004715,0.611689531046423,0.6374269005847953,0.012420654296875,0.0176206611104818,0.6,0.111785888671875,0.1585859499943362
HAR,Small NN,One-shot,Permutation,mean_size,proposed_smaller,matched_within_seed,557,561,20,0.0163750797699235,0.0103053308027835,0.023140811950377,0.0051744428575582,0.0055448464008928,0.0272053131389541,0.70762771008373,0.8947368421052632,0.0001029968261718,0.0006248650064105,0.85,0.0009269714355468,0.0056237850576953
HAR,Small NN,One-shot,Permutation,accuracy,proposed_higher,matched_within_seed,557,561,20,0.0032553740057478,0.002368913323716,0.0080494186201063,0.001799904721391,-0.0005118698717666,0.0070226178832624,0.4044234943398751,0.4210526315789473,0.0769500732421875,0.1074661447325663,0.55,0.5386505126953125,0.7522630131279646
HAR,Small NN,One-shot,SHAP,mean_size,proposed_smaller,matched_within_seed,557,561,20,0.0220628647233975,0.0217508627960977,0.0236732944894158,0.0052935095729704,0.0109834218549296,0.0331423075918654,0.931972722819026,0.9578947368421052,2.288818359375e-05,0.0002502161983107,0.9,0.0002288818359375,0.0025021619831076
HAR,Small NN,One-shot,SHAP,accuracy,proposed_higher,matched_within_seed,557,561,20,0.0014513458123686,0.0011672454641937,0.0087504418134134,0.0019566582727949,-0.002643987018848,0.0055466786435854,0.1658597180937675,0.1345029239766081,0.504669189453125,0.6164914109936318,0.55,0.88409423828125,1.0
HAR,Small NN,Recursive,MI,mean_size,proposed_smaller,matched_within_seed,556,560,20,0.0171640748130149,0.0116613389182833,0.0343717392418817,0.0076857545449744,0.0010776056741054,0.0332505439519245,0.4993659090751121,0.6105263157894737,0.0140342712402343,0.0195932847939898,0.65,0.0701713562011718,0.0979664239699492
HAR,Small NN,Recursive,MI,accuracy,proposed_higher,matched_within_seed,556,560,20,0.0026978468844112,0.0014558926869978,0.0072614225374942,0.0016237034407186,-0.0007006034742383,0.0060962972430608,0.3715314555076461,0.3333333333333333,0.1128921508789062,0.2024497985839843,0.6,0.6210479736328125,1.0
HAR,Small NN,Recursive,RFE,mean_size,proposed_smaller,matched_within_seed,556,560,20,0.0079198706246112,0.0077872872647817,0.0177649342408002,0.0039723600578242,-0.0003943745291857,0.0162341157784083,0.4458148010715367,0.4285714285714285,0.0593090057373046,0.0973072052001953,0.65,0.0701713562011718,0.0979664239699492
HAR,Small NN,Recursive,RFE,accuracy,proposed_higher,matched_within_seed,556,560,20,0.0028492819928415,0.002001098946237,0.0080794124071663,0.0018066115360679,-0.0009319994091201,0.0066305633948032,0.3526595560729516,0.3333333333333333,0.1301841735839843,0.2024497985839843,0.6,0.6210479736328125,1.0
HAR,Small NN,Recursive,CRFE,mean_size,proposed_smaller,matched_within_seed,556,560,20,0.0115430429339513,0.0118295643514224,0.0197984044656932,0.0044270578231325,0.0022771044198784,0.0208089814480242,0.5830289483151608,0.580952380952381,0.0142688751220703,0.021484375,0.75,0.0701713562011718,0.0979664239699492
HAR,Small NN,Recursive,CRFE,accuracy,proposed_higher,matched_within_seed,556,560,20,0.0045659800260851,0.0055334524361885,0.0069885836787981,0.0015626948172238,0.0012952221839364,0.0078367378682338,0.6533484087680501,0.638095238095238,0.0100059509277343,0.0106887817382812,0.75,0.1000595092773437,0.1068878173828125
HAR,Small NN,Recursive,Permutation,mean_size,proposed_smaller,matched_within_seed,556,560,20,0.0094468829501004,0.0097270935773595,0.0159938996026989,0.0035763446736941,0.0019615075212035,0.0169322583789974,0.590655386414102,0.5714285714285714,0.0155200958251953,0.0239505767822265,0.6,0.0701713562011718,0.0979664239699492
HAR,Small NN,Recursive,Permutation,accuracy,proposed_higher,matched_within_seed,556,560,20,0.0028736579829592,0.0020654586688593,0.0074973233342197,0.001676452462461,-0.0006351973470438,0.0063825133129622,0.3832911900495354,0.3904761904761905,0.1035079956054687,0.1327266693115234,0.6,0.6210479736328125,0.7963600158691406
HAR,Small NN,Recursive,SHAP,mean_size,proposed_smaller,matched_within_seed,556,560,20,0.0159076237412902,0.0122920636485095,0.0225695255560946,0.0050466993363346,0.0053447606349753,0.0264704868476051,0.7048275650169592,0.7333333333333333,0.0022220611572265,0.0027122497558593,0.85,0.0155410766601562,0.0189857482910156
HAR,Small NN,Recursive,SHAP,accuracy,proposed_higher,matched_within_seed,556,560,20,0.005210208516033,0.0023594058343172,0.0092558783796371,0.0020696773248339,0.0008783240902921,0.0095420929417738,0.5629080571645632,0.4666666666666667,0.0217475891113281,0.069580078125,0.55,0.173980712890625,0.556640625
